{"products":[{"id":"0.9872583438363174","qty":1}],"totalPrice":20.989999999999995}